college,age,player_height,player_weight,gp,pts,reb,ast,net_rating,oreb_pct,dreb_pct,usg_pct,ts_pct,ast_pct
Alabama,25.0,199.31529411764706,95.707912,57.294117647058826,8.117647058823529,3.1,1.4941176470588236,-7.270588235294118,0.060999999999999985,0.12370588235294117,0.1918235294117647,0.5124117647058823,0.12505882352941175
Alabama A&M,25.0,210.82,99.79024,26.0,2.2,2.2,0.2,-11.9,0.057,0.174,0.127,0.436,0.03
Alabama Huntsville,28.0,185.42,72.57472,18.0,2.6,1.1,3.2,-0.5,0.009,0.079,0.119,0.4639999999999999,0.37
Alabama-Birmingham,25.25,194.31,93.32655399999999,30.25,2.7,1.3,0.8999999999999999,-0.40000000000000013,0.021500000000000002,0.11075,0.208,0.40275,0.14625
Albany State (GA),40.0,205.74,97.52228,12.0,0.3,1.1,0.3,2.6,0.068,0.103,0.025,0.4,0.046
American International,33.0,195.58,95.25432,78.0,11.7,3.0,4.0,5.6,0.0279999999999999,0.075,0.139,0.662,0.172
American University,32.0,190.5,86.18248,2.0,12.0,3.0,3.5,14.1,0.016,0.072,0.136,0.655,0.149
Arizona,23.285714285714285,199.02714285714285,97.87867371428571,51.166666666666664,6.830952380952381,2.9428571428571426,1.7095238095238094,-5.621428571428571,0.05599999999999999,0.13464285714285712,0.182,0.4859761904761905,0.13752380952380952
Arizona State,26.166666666666668,199.81333333333336,102.398394,49.333333333333336,4.858333333333333,2.441666666666667,0.6833333333333332,-2.5333333333333337,0.07558333333333331,0.15291666666666667,0.18666666666666665,0.528,0.09291666666666666
Arkansas,24.7,198.628,99.0871724,41.15,4.955,2.535,1.275,-6.305000000000001,0.0686,0.15639999999999998,0.17529999999999998,0.4952,0.13485
Arkansas-Little Rock,26.75,196.215,91.85238,23.25,2.0,1.2,0.45,-7.775,0.12675,0.11299999999999999,0.206,0.4195,0.09525
Auburn,26.9,200.91400000000002,99.9263176,47.1,6.83,3.31,1.3199999999999998,-3.9,0.0638,0.13940000000000002,0.1839,0.471,0.1274
Auburn-Montgomery,25.0,205.74,99.79024,5.0,0.0,1.2,0.2,-20.6,0.143,0.222,0.256,0.0,0.143
Augsburg,22.0,203.2,99.79024,49.0,3.2,1.5,0.2,4.1,0.088,0.135,0.2269999999999999,0.478,0.061
Augusta State,24.0,210.82,138.34556,21.0,2.1,1.3,0.1,-6.1,0.1669999999999999,0.15,0.204,0.5529999999999999,0.0409999999999999
Augustana (SD),29.0,210.82,104.32616,70.0,2.2,2.4,0.2,-11.1,0.089,0.196,0.119,0.517,0.039
Austin Peay,23.0,195.58,97.52228,58.5,6.0,2.5,1.55,-12.15,0.045,0.1205,0.173,0.488,0.136
Ball State,22.5,199.39,98.65626,13.5,3.3000000000000003,1.7000000000000002,0.4,-3.65,0.10400000000000001,0.151,0.271,0.514,0.14800000000000002
Barton CC,23.0,220.98,111.13004,3.0,2.3,2.7,0.3,-22.1,0.061,0.231,0.228,0.363,0.077
Baylor,23.916666666666668,199.81333333333336,98.92085533333334,37.416666666666664,5.2250000000000005,2.4166666666666665,1.3333333333333333,4.441666666666666,0.05299999999999999,0.1365833333333333,0.18416666666666662,0.4955833333333333,0.12949999999999998
Belmont,23.0,190.5,78.471416,23.0,3.0,0.8,0.7,1.4,0.019,0.1,0.217,0.485,0.147
Blinn,23.0,208.28,104.32616,24.0,3.0,3.2,0.3,5.4,0.15,0.162,0.1639999999999999,0.417,0.039
Boise State,25.6,201.168,96.3429408,30.0,4.0200000000000005,2.38,1.56,-4.62,0.0422,0.14639999999999997,0.15139999999999998,0.46399999999999997,0.11839999999999999
Boston College,23.666666666666668,195.01555555555558,95.50631555555555,47.666666666666664,5.2444444444444445,2.4444444444444446,1.2444444444444445,-0.7888888888888889,0.06499999999999997,0.11655555555555555,0.1814444444444444,0.49,0.13555555555555554
Boston U.,29.0,195.58,92.98636,24.0,2.3,1.0,0.2,-8.8,0.036,0.104,0.178,0.417,0.04
Bowling Green,23.0,196.42666666666665,95.25432,52.666666666666664,5.366666666666667,1.8333333333333333,2.3000000000000003,-7.233333333333334,0.043000000000000003,0.09100000000000001,0.1723333333333333,0.4883333333333333,0.19966666666666666
Bradley,24.666666666666668,200.66,98.883056,45.0,5.8999999999999995,1.9666666666666668,1.3666666666666665,3.466666666666667,0.05166666666666663,0.11133333333333334,0.17499999999999996,0.5033333333333333,0.14266666666666666
Brigham Young,26.0,205.74,103.418976,47.0,4.985714285714286,2.942857142857143,0.7999999999999999,-5.428571428571429,0.06599999999999999,0.14714285714285708,0.179,0.47528571428571426,0.075
Brigham Young-Hawaii,24.0,175.26,74.84268,4.0,1.8,1.0,0.8,2.7,0.087,0.105,0.192,0.451,0.25
Bucknell,22.0,210.82,108.408488,20.0,3.8,2.6,0.4,-20.3,0.089,0.206,0.192,0.48,0.0579999999999999
Butler,21.5,196.85,93.893544,68.0,4.5,1.65,1.55,-5.15,0.028999999999999998,0.11049999999999999,0.16449999999999998,0.5229999999999999,0.1885
Butler CC,23.0,203.2,98.883056,77.0,8.2,2.7,1.8,-5.1,0.027,0.1169999999999999,0.206,0.503,0.15
Cal State-Bakersfield,24.0,203.2,108.408488,15.0,2.7,2.1,0.1,11.7,0.087,0.212,0.173,0.541,0.03
Cal State-Fullerton,25.4,195.57999999999998,93.89354399999999,29.8,4.779999999999999,1.9599999999999997,0.6799999999999999,53.879999999999995,0.0378,0.1182,0.1676,0.41340000000000005,0.0998
Cal State-San Bernardino,28.0,203.2,115.66596,56.0,6.4,4.0,0.6,2.4,0.086,0.204,0.195,0.5579999999999999,0.059
Cal-Santa Barbara,23.0,190.5,90.7184,5.0,2.4,0.6,0.6,-3.5,0.0,0.07,0.196,0.316,0.125
California,23.666666666666668,200.4011111111111,100.02295022222222,43.05555555555556,6.383333333333334,2.8111111111111113,1.6777777777777778,-5.805555555555555,0.06466666666666666,0.12688888888888888,0.18255555555555555,0.4977777777777778,0.12416666666666666
California-Berkeley,25.0,190.5,88.45044,15.0,4.1,1.5,2.0,-7.8,0.0139999999999999,0.095,0.141,0.523,0.204
California-Irvine,31.0,180.34,74.84268,38.0,1.5,0.5,0.8,3.8,0.032,0.0579999999999999,0.1159999999999999,0.625,0.191
California-Santa Barbara,25.25,199.39,100.35723,37.75,4.375,2.5,1.525,-5.125,0.06424999999999997,0.19,0.17725000000000002,0.4805,0.15249999999999997
Centenary (LA),36.5,203.2,96.161504,24.5,3.25,2.05,0.35,6.050000000000001,0.0785,0.1815,0.21100000000000002,0.471,0.06249999999999995
Central Arkansas,31.0,200.66,103.418976,82.0,20.2,6.5,5.7,13.5,0.059,0.133,0.245,0.5539999999999999,0.237
Central Connecticut State,24.0,213.36,110.44965199999999,34.0,3.35,2.7,0.3,-11.3,0.10199999999999995,0.152,0.164,0.427,0.048999999999999946
Central Florida,25.666666666666668,195.58,96.01030666666668,14.666666666666666,2.6999999999999997,1.0333333333333334,0.3666666666666667,15.200000000000003,0.03933333333333334,0.08433333333333333,0.212,0.40066666666666667,0.056999999999999995
Central Michigan,27.0,209.12666666666667,110.82764533333334,41.666666666666664,6.733333333333333,4.466666666666666,1.6333333333333335,-0.6999999999999998,0.08566666666666667,0.18466666666666662,0.164,0.476,0.112
Central Oklahoma,24.0,205.74,95.25432,67.0,7.0,2.7,0.5,6.1,0.059,0.127,0.181,0.569,0.048
Central State (OH),23.0,223.52,155.582056,35.0,3.2,1.2,0.3,-4.0,0.093,0.1639999999999999,0.284,0.56,0.107
Cincinnati,23.5,198.27875,99.3649975,35.1875,5.3,2.5,1.40625,-2.8375000000000004,0.0634375,0.13924999999999998,0.19193749999999998,0.458625,0.1435
Clemson,24.857142857142858,201.56714285714287,102.54419142857144,46.714285714285715,5.978571428571429,3.685714285714286,0.9142857142857144,-11.635714285714286,0.0817142857142857,0.13757142857142857,0.19535714285714284,0.46071428571428574,0.08557142857142855
Cleveland State,23.5,189.23000000000002,82.78054,38.5,4.25,1.0499999999999998,1.6,-0.4,0.024499999999999952,0.0765,0.21749999999999994,0.42400000000000004,0.25799999999999995
Colgate,23.0,208.28,113.398,55.0,3.0,3.3,0.3,-11.8,0.1119999999999999,0.182,0.162,0.418,0.037
College of Charleston,23.0,191.77,94.12034,30.75,3.475,1.0,1.5,-8.775,0.009749999999999976,0.1105,0.15375,0.3145,0.16425
Colorado,22.77777777777778,198.68444444444447,95.00232444444445,43.22222222222222,5.444444444444445,1.8555555555555554,1.2333333333333334,-2.622222222222222,0.050444444444444424,0.10577777777777775,0.20166666666666666,0.5035555555555555,0.14188888888888887
Colorado State,23.75,198.755,94.80072799999999,35.0,2.35,1.45,0.475,3.05,0.036750000000000005,0.13299999999999995,0.1575,0.3735,0.10949999999999997
Connecticut,22.821428571428573,199.94642857142858,98.36002085714286,55.214285714285715,7.485714285714286,3.2607142857142857,1.4892857142857143,-4.507142857142857,0.05971428571428571,0.142,0.1989642857142857,0.5075714285714286,0.1457142857142857
Coppin State,28.0,203.2,104.32616,70.0,4.3,2.4,0.7,5.8,0.089,0.115,0.161,0.512,0.079
Cornell,24.0,213.36,120.20188,4.0,1.0,1.5,0.0,0.6,0.04,0.147,0.0969999999999999,0.3329999999999999,0.0
Creighton,24.0,202.83714285714288,101.08621714285714,27.714285714285715,3.1571428571428575,1.342857142857143,0.39999999999999997,-0.7571428571428568,0.034,0.1108571428571428,0.18257142857142858,0.4551428571428571,0.06457142857142857
Davidson,22.5,194.31,90.7184,44.5,10.8,3.1,3.1,-2.75,0.0245,0.095,0.2,0.46249999999999997,0.136
Dayton,27.333333333333332,191.34666666666666,87.84565066666666,36.0,3.766666666666667,1.3666666666666665,1.4333333333333333,-8.133333333333333,0.0453333333333333,0.11766666666666666,0.17099999999999996,0.5053333333333333,0.19533333333333333
DePaul,26.083333333333332,199.6016666666667,101.56680866666666,47.416666666666664,6.733333333333333,2.5,1.55,-2.4166666666666665,0.06641666666666665,0.11924999999999997,0.19833333333333333,0.5198333333333334,0.11274999999999996
Delaware State,28.0,195.58,87.996848,13.0,5.0,1.7,2.0,6.6,0.011,0.098,0.144,0.565,0.191
Delta State,23.0,200.66,88.45044,6.0,1.3,0.3,0.0,-5.6,0.071,0.067,0.142,0.667,0.0
Detroit Mercy,29.0,196.85,91.77678133333335,25.5,3.466666666666667,1.25,0.9166666666666666,0.36666666666666653,0.031166666666666665,0.10716666666666665,0.18499999999999997,0.4206666666666667,0.12883333333333333
Drexel,22.0,200.66,113.398,54.0,3.0,3.0,0.6,1.3,0.1689999999999999,0.2189999999999999,0.161,0.515,0.089
Duke,22.25925925925926,200.18962962962962,99.64744251851852,52.2962962962963,7.92962962962963,3.4296296296296296,1.598148148148148,-3.062962962962963,0.055055555555555545,0.13383333333333333,0.18766666666666665,0.5079444444444444,0.1259259259259259
Duquesne,25.5,199.39,94.12034,8.5,1.4,1.45,0.65,-28.549999999999997,0.1035,0.17149999999999999,0.22499999999999998,0.228,0.153
East Carolina,28.0,201.93,107.274508,31.0,3.9,1.55,0.95,-4.8999999999999995,0.0195,0.05799999999999995,0.14300000000000002,0.236,0.07
Eastern Illinois,33.0,213.36,136.0776,26.0,4.0,2.3,0.6,-19.5,0.07,0.123,0.172,0.473,0.069
Eastern Michigan,26.25,189.23,85.275296,28.5,3.525,2.05,0.775,-1.35,0.08299999999999999,0.12749999999999997,0.19924999999999998,0.44325000000000003,0.15999999999999998
Eastern Washington,22.5,199.39,97.06868800000001,31.0,4.2,2.25,1.5999999999999999,10.850000000000001,0.044,0.1665,0.14550000000000002,0.44699999999999995,0.1745
Fairfield,24.0,205.74,113.398,2.0,0.0,0.0,0.0,-29.1,0.0,0.0,0.0,0.0,0.0
Fayetteville State,29.0,185.42,81.64656,67.0,6.1,1.1,2.6,0.3,0.039,0.05,0.222,0.525,0.308
Florida,23.44,201.87919999999997,99.84467104,50.36,5.664,3.0839999999999996,1.072,-7.524000000000001,0.06271999999999998,0.14107999999999998,0.17076,0.4982,0.08811999999999999
Florida A&M,23.0,215.9,136.0776,16.0,1.5,1.1,0.1,-20.5,0.118,0.268,0.3379999999999999,0.41,0.053
Florida International,23.0,191.77,92.079176,21.0,2.0,0.65,0.95,2.6999999999999997,0.017,0.064,0.15300000000000002,0.41200000000000003,0.16149999999999995
Florida State,23.761904761904763,200.17619047619047,98.0838700952381,41.142857142857146,5.238095238095238,2.1333333333333333,1.3428571428571427,-3.0999999999999996,0.04938095238095236,0.11819047619047618,0.18528571428571428,0.49019047619047623,0.11623809523809522
Fordham,22.0,193.04,81.64656,66.0,6.2,1.8,2.5,-9.6,0.0289999999999999,0.095,0.2019999999999999,0.523,0.239
Fresno State,23.4375,199.86625,96.4166495,29.1875,3.33125,1.8875,0.83125,-3.2125,0.041624999999999995,0.1253125,0.1575625,0.3865625,0.1179375
George Mason,24.0,187.96,83.91452,1.0,0.0,0.0,1.0,-158.3,0.0,0.0,0.125,0.0,0.5
George Washington,25.0,205.74,106.33492457142857,17.142857142857142,2.1142857142857143,2.257142857142857,0.37142857142857144,-4.442857142857143,0.08299999999999999,0.18214285714285713,0.13685714285714284,0.37785714285714284,0.04871428571428571
Georgetown,25.0,205.37600000000003,105.2015404,53.75,7.529999999999999,3.97,1.09,-1.8699999999999999,0.10579999999999998,0.15155,0.19295,0.52105,0.07779999999999998
Georgia,24.5,198.755,96.42609933333334,41.166666666666664,5.341666666666666,2.183333333333333,0.9166666666666666,-6.691666666666667,0.06458333333333333,0.11808333333333332,0.1980833333333333,0.4960833333333334,0.13516666666666663
Georgia Institute of Technology,20.0,193.04,96.161504,74.0,7.7,2.9,1.2,-1.0,0.021,0.098,0.148,0.492,0.068
Georgia Southern,28.0,195.58,95.25432,81.0,3.9,1.5,0.5,6.7,0.024,0.094,0.12,0.5920000000000001,0.062
Georgia State,22.0,195.58,83.91452,36.0,2.7,1.0,0.4,-3.5,0.006,0.131,0.155,0.48,0.068
Georgia Tech,24.833333333333332,199.136,98.76209813333334,49.36666666666667,6.316666666666666,2.5900000000000003,1.6233333333333335,-4.126666666666667,0.05559999999999999,0.1186,0.16776666666666665,0.4943,0.1256
Gonzaga,24.0,200.94222222222223,98.85785644444445,43.888888888888886,5.544444444444444,2.45,1.5666666666666667,-2.333333333333333,0.053499999999999985,0.12455555555555556,0.1668888888888889,0.47544444444444445,0.14366666666666666
Grand Canyon,23.0,210.82,129.27372,20.0,1.7,0.9,0.2,11.5,0.048,0.1369999999999999,0.19,0.539,0.0559999999999999
Hampton,30.5,204.47,107.04771199999999,24.5,1.7,1.65,0.3,-8.100000000000001,0.088,0.15449999999999994,0.15399999999999994,0.388,0.07299999999999995
Hartford,25.0,210.82,111.13004,78.0,21.0,10.3,2.7,-1.6,0.107,0.206,0.255,0.5529999999999999,0.12
Harvard,22.0,190.5,90.7184,29.0,2.6,1.2,1.4,2.5,0.043,0.0969999999999999,0.155,0.4579999999999999,0.207
Hawaii,26.0,191.76999999999998,94.12034,53.0,4.7,1.7,2.8,-4.0,0.035,0.08399999999999999,0.195,0.41700000000000004,0.24499999999999994
Hofstra,23.25,187.325,87.996848,32.5,3.925,1.1,1.625,9.125,0.02275,0.06175,0.14725,0.363,0.14749999999999996
Holy Cross,25.0,200.66,95.25432,15.0,2.5,1.0,0.2,2.7,0.031,0.09,0.114,0.638,0.034
Houston,27.0,200.1157142857143,99.27184914285714,49.642857142857146,7.299999999999999,3.3714285714285714,1.6071428571428572,-7.328571428571428,0.05028571428571428,0.1454285714285714,0.1767857142857143,0.5435714285714285,0.12342857142857143
Idaho,25.0,203.2,97.52228,3.0,2.3,0.7,0.0,-23.2,0.1669999999999999,0.0,0.151,0.902,0.0
Illinois,26.285714285714285,199.20857142857145,98.72105885714286,44.214285714285715,6.5928571428571425,2.5357142857142856,1.792857142857143,-11.042857142857143,0.06949999999999999,0.12714285714285714,0.1942142857142857,0.4494285714285714,0.1669285714285714
Illinois State,26.0,198.12,90.7184,7.0,1.0,0.6,0.9,4.2,0.043,0.15,0.228,0.322,0.375
Indian Hills CC,23.0,213.36,110.676448,3.0,1.0,2.0,0.0,-62.2,0.05,0.294,0.2289999999999999,0.193,0.0
Indiana,22.428571428571427,200.5390476190476,101.32381295238095,38.42857142857143,6.152380952380952,2.619047619047619,1.0857142857142859,-2.4285714285714284,0.055761904761904756,0.13776190476190475,0.18104761904761904,0.5084761904761905,0.10266666666666666
Indiana Purdue-Indianapolis,23.0,187.96,81.64656,77.0,5.7,2.1,1.8,2.2,0.0279999999999999,0.12,0.195,0.502,0.183
Iona,23.0,185.42,92.98636,6.0,1.3,0.2,1.0,-21.5,0.0,0.0559999999999999,0.3,0.581,0.6
Iowa,25.53846153846154,201.44153846153844,99.99959015384616,35.92307692307692,3.3230769230769233,1.9692307692307693,0.8538461538461538,-12.823076923076922,0.052461538461538455,0.14784615384615385,0.14646153846153845,0.41607692307692307,0.14176923076923076
Iowa State,24.615384615384617,197.82692307692307,98.883056,30.03846153846154,3.996153846153846,1.723076923076923,1.226923076923077,2.6076923076923078,0.03515384615384614,0.11619230769230768,0.19042307692307692,0.4471538461538461,0.16092307692307692
Jackson State,25.0,191.77,93.666748,43.0,7.6,1.5499999999999998,0.95,-14.25,0.0125,0.091,0.227,0.40549999999999997,0.044
Jacksonville,28.0,187.96,87.089664,21.0,7.6,2.3,3.2,-7.5,0.015,0.095,0.163,0.455,0.2019999999999999
Jacksonville State,29.0,182.88,77.11064,28.0,3.0,0.9,2.1,-10.5,0.022,0.064,0.175,0.401,0.271
Kansas,23.425531914893618,200.33574468085106,99.89639982978723,44.361702127659576,6.034042553191489,2.778723404255319,1.0808510638297872,-4.838297872340425,0.055148936170212756,0.13304255319148933,0.188468085106383,0.49014893617021277,0.1052127659574468
Kansas State,25.11111111111111,196.7088888888889,96.161504,44.666666666666664,6.611111111111111,2.0555555555555554,0.9888888888888889,-0.4444444444444444,0.03233333333333334,0.10877777777777775,0.18788888888888888,0.5655555555555556,0.08688888888888889
Kent State,23.0,213.36,124.7378,25.0,1.2,0.8,0.1,-26.6,0.075,0.1,0.165,0.401,0.0409999999999999
Kentucky,21.681818181818183,200.23666666666668,99.34352060606061,47.77272727272727,6.806060606060606,3.066666666666667,1.4257575757575758,-4.095454545454546,0.05693939393939393,0.13768181818181818,0.18190909090909088,0.4896969696969697,0.11428787878787877
La Salle,27.25,196.215,91.28539,47.25,4.35,1.9,1.225,-5.825,0.02925,0.12725,0.175,0.456,0.15199999999999997
Lamar,30.0,203.2,120.20188,45.0,2.2,3.7,0.3,-6.2,0.108,0.208,0.105,0.4429999999999999,0.03
Le Moyne,21.0,205.74,124.7378,58.0,2.7,2.6,0.2,-14.9,0.127,0.138,0.135,0.479,0.025
Lebanon Valley,23.0,205.74,111.13004,1.0,0.0,0.0,0.0,0.0,0.0,0.0,0.0,0.0,0.0
Lehigh,22.0,193.04,90.7184,38.0,5.3,1.3,0.7,-4.0,0.016,0.094,0.205,0.521,0.089
Liberty,26.0,208.28,117.93392,2.0,1.0,1.0,0.0,-65.1,0.125,0.125,0.218,0.5,0.0
Long Beach State,25.166666666666668,195.15666666666667,93.59114933333335,45.5,5.25,1.8666666666666665,0.8500000000000001,-4.216666666666668,0.03766666666666663,0.10633333333333334,0.18933333333333335,0.5088333333333334,0.08183333333333333
Long Island-Brooklyn,23.0,190.5,81.64656,29.0,3.7,1.4,1.4,-12.2,0.022,0.087,0.163,0.407,0.156
Longwood,35.0,200.66,108.86208,70.0,6.8,5.2,1.3,4.1,0.072,0.1639999999999999,0.145,0.475,0.077
Louisiana State,22.869565217391305,202.31652173913042,102.5512347826087,39.65217391304348,6.756521739130435,3.0173913043478264,1.2217391304347824,-1.1782608695652175,0.0656086956521739,0.13791304347826086,0.20504347826086952,0.5012173913043478,0.10717391304347826
Louisiana Tech,26.5,205.74,111.016642,62.0,10.924999999999999,5.95,1.625,-5.074999999999999,0.087,0.21075,0.20450000000000002,0.41900000000000004,0.09024999999999997
Louisiana-Lafayette,23.0,197.2733333333333,97.975872,60.0,6.766666666666666,3.6,2.933333333333333,-1.7,0.09300000000000001,0.14366666666666666,0.19066666666666665,0.5,0.19299999999999998
Louisiana-Monroe,25.0,203.2,88.45044,17.0,3.0,1.3,0.6,-8.5,0.061,0.084,0.177,0.386,0.093
Louisville,23.708333333333332,199.0725,98.24046733333334,33.083333333333336,4.7375,2.6958333333333333,0.975,-9.691666666666666,0.06712499999999999,0.14216666666666666,0.17016666666666666,0.46458333333333335,0.12295833333333332
Loyola (IL),24.0,193.04,81.64656,10.0,3.4,1.8,1.0,-5.3,0.021,0.125,0.173,0.337,0.122
Manhattan,24.0,187.96,88.45044,16.0,2.2,0.2,0.7,13.1,0.015,0.0289999999999999,0.242,0.586,0.262
Marist,30.0,223.52,120.20188,52.0,17.1,6.9,1.3,1.4,0.085,0.201,0.289,0.535,0.083
Marquette,23.764705882352942,198.71764705882353,99.28328423529412,37.1764705882353,4.294117647058823,1.7294117647058822,0.876470588235294,-4.017647058823529,0.04264705882352939,0.13117647058823528,0.19005882352941175,0.46282352941176474,0.11617647058823527
Marshall,22.5,208.28,102.0582,18.5,1.3,0.45,0.2,-72.85000000000001,0.0165,0.05049999999999995,0.1065,0.214,0.043
Maryland,23.782608695652176,201.65391304347827,100.02689669565218,51.56521739130435,5.869565217391305,2.808695652173913,1.2695652173913043,-5.704347826086957,0.06391304347826086,0.1307391304347826,0.18813043478260869,0.474,0.10982608695652175
Massachusetts,24.2,204.724,105.23334399999999,36.2,5.82,2.7399999999999998,0.58,-10.32,0.07259999999999997,0.1336,0.2002,0.4692,0.0648
Master's,26.0,190.5,81.64656,53.0,5.0,1.2,1.3,-0.6,0.013,0.067,0.141,0.5670000000000001,0.129
McNeese State,28.5,189.23000000000002,87.089664,59.5,8.9,1.75,2.9,-6.3999999999999995,0.0235,0.078,0.189,0.5345,0.263
Memphis,23.217391304347824,196.70260869565217,94.990008,40.69565217391305,6.217391304347826,2.0565217391304347,1.5782608695652172,-6.365217391304348,0.04134782608695651,0.12308695652173914,0.19134782608695652,0.4757391304347826,0.15243478260869564
Mercer,33.0,200.66,97.52228,82.0,9.3,4.0,1.0,-4.9,0.064,0.124,0.183,0.523,0.068
Meridian CC,28.0,203.2,92.98636,78.0,8.5,6.2,1.2,7.3,0.052,0.21,0.146,0.54,0.06
Miami,22.0,199.39000000000001,96.61509600000001,29.0,2.725,1.8,0.575,-9.525,0.05974999999999998,0.174,0.17500000000000002,0.41074999999999995,0.07924999999999999
Miami (FL),23.25,194.945,92.022477,25.5,2.2125,0.8,0.4875,-2.3,0.04449999999999999,0.06775,0.17137499999999997,0.3675,0.09012499999999998
Miami (Fla.),24.0,198.12,90.7184,30.0,3.0,1.1,0.5,-8.7,0.015,0.115,0.143,0.518,0.078
Miami (OH),27.333333333333332,199.81333333333336,101.90700266666666,58.666666666666664,6.633333333333333,2.5,1.8333333333333333,1.3,0.050666666666666665,0.11099999999999999,0.15633333333333335,0.5163333333333333,0.11699999999999999
Michigan,24.09375,201.13625,100.00286125,45.5625,6.8125,2.7375,1.34375,-7.70625,0.04643749999999997,0.12181249999999999,0.18084374999999997,0.48225,0.12440625
Michigan State,23.357142857142858,199.02714285714288,100.76222285714286,41.285714285714285,4.860714285714286,2.4785714285714286,0.9392857142857143,-7.517857142857143,0.053107142857142846,0.14721428571428571,0.17849999999999996,0.4323214285714286,0.10392857142857141
Midland,22.0,208.28,127.00576,6.0,0.3,0.3,0.0,-28.3,0.04,0.059,0.127,0.25,0.0
Midwestern State,27.0,205.74,113.398,4.0,3.8,2.5,0.0,-24.1,0.132,0.192,0.174,0.5820000000000001,0.0
Minnesota,23.9,200.66,102.73858800000001,43.5,4.74,2.29,1.01,-3.5300000000000002,0.057699999999999994,0.16799999999999998,0.16509999999999997,0.4372,0.09529999999999998
Mississippi,24.0,204.47,105.46014,16.0,4.1000000000000005,1.4500000000000002,0.65,0.25,0.0775,0.1055,0.1745,0.5625,0.1095
Mississippi State,23.125,202.2475,103.19218000000001,24.125,2.25,1.8125,0.7625000000000001,-3.975,0.075,0.13824999999999998,0.15425,0.442625,0.124375
Missouri,22.846153846153847,196.9476923076923,94.38202769230769,48.46153846153846,6.138461538461538,1.869230769230769,1.5769230769230769,-6.0,0.03653846153846154,0.10553846153846153,0.18999999999999997,0.48969230769230765,0.13499999999999998
Missouri State,23.5,196.85000000000002,91.17199199999999,13.0,3.35,1.5,0.8500000000000001,-12.600000000000001,0.02899999999999995,0.1525,0.18499999999999994,0.4139999999999999,0.153
Missouri-Kansas City,24.0,198.12,86.18248,24.0,3.6,0.7,1.0,-4.1,0.012,0.055,0.1989999999999999,0.402,0.134
Molloy,22.0,195.58,83.91452,6.0,4.7,2.7,1.2,-17.9,0.018,0.125,0.154,0.4379999999999999,0.13
Montana,28.0,194.37,91.39511999999999,5.5,1.45,1.15,1.0,5.1,0.0995,0.183,0.15400000000000003,0.434,0.2235
Montevallo,23.0,195.58,97.52228,15.0,2.4,1.5,0.4,-24.0,0.079,0.098,0.162,0.366,0.078
Morehead State,28.0,200.66,107.04771199999999,23.5,5.1,4.35,0.4,-13.55,0.079,0.21550000000000002,0.135,0.309,0.0275
Morehouse,27.0,195.58,99.79024,27.0,6.1,1.9,0.7,-9.4,0.089,0.092,0.204,0.591,0.105
Mt. San Antonio,29.0,200.66,92.98636,22.0,4.5,2.0,1.2,-8.9,0.0579999999999999,0.103,0.185,0.4029999999999999,0.135
Murray State,23.0,193.46333333333334,90.491604,49.333333333333336,7.05,3.1166666666666667,2.0833333333333335,-1.3333333333333333,0.053999999999999986,0.12699999999999997,0.19083333333333333,0.5326666666666667,0.16966666666666663
Navy,31.0,215.9,106.59412,6.0,17.7,8.5,1.3,9.6,0.161,0.237,0.3339999999999999,0.5589999999999999,0.111
Nebraska,24.4,198.628,97.52228,27.4,5.220000000000001,1.36,1.02,16.2,0.0424,0.09999999999999995,0.1982,0.627,0.10499999999999998
Nevada,22.142857142857142,202.4742857142857,100.56782628571429,36.285714285714285,4.757142857142857,2.457142857142857,1.5714285714285714,-6.7,0.07228571428571427,0.151,0.19614285714285715,0.48342857142857143,0.14914285714285716
Nevada-Las Vegas,24.57894736842105,201.86315789473684,101.151016,42.473684210526315,5.7631578947368425,2.8526315789473684,1.1157894736842104,-11.38421052631579,0.06442105263157893,0.1293157894736842,0.16657894736842102,0.46799999999999997,0.0823157894736842
Nevada-Reno,28.0,200.66000000000003,98.65626,46.0,3.0,1.9000000000000001,1.0999999999999999,0.09999999999999987,0.032,0.134,0.116,0.5605,0.12
New Mexico,23.77777777777778,205.45777777777778,108.10609333333333,36.55555555555556,3.8000000000000003,2.433333333333333,0.8666666666666667,-7.766666666666666,0.11033333333333334,0.12522222222222223,0.1831111111111111,0.4414444444444444,0.09633333333333333
New Mexico State,26.333333333333332,198.96666666666667,101.30221333333333,27.833333333333332,2.983333333333333,1.3166666666666667,0.75,4.95,0.038,0.13849999999999998,0.23316666666666666,0.42883333333333334,0.1825
New Orleans,29.666666666666668,204.89333333333335,107.047712,41.666666666666664,4.1000000000000005,4.633333333333334,0.43333333333333335,-25.633333333333336,0.13433333333333333,0.13199999999999998,0.18266666666666667,0.36166666666666664,0.032
Nicholls State,26.0,205.74,104.32616,19.0,1.2,0.7,0.2,5.7,0.102,0.1159999999999999,0.174,0.525,0.103
None,22.88081395348837,204.38081395348837,101.60027423255815,38.44476744186046,4.721802325581395,2.488953488372093,0.9671511627906977,-4.699418604651163,0.06468023255813952,0.14554941860465115,0.18350290697674418,0.492,0.10415116279069767
Norfolk State,23.0,208.28,108.86208,57.0,4.1,3.7,0.9,-5.4,0.113,0.236,0.178,0.535,0.122
North Carolina,24.0,201.41659574468085,100.31138825531914,49.08510638297872,7.019148936170212,3.1595744680851063,1.2553191489361701,-3.0680851063829793,0.06393617021276594,0.1367659574468085,0.1936808510638298,0.5005744680851064,0.13046808510638297
North Carolina State,26.210526315789473,200.12526315789475,98.16685810526316,43.578947368421055,6.2894736842105265,2.668421052631579,1.3526315789473684,-5.747368421052632,0.071,0.13299999999999998,0.19368421052631576,0.4966842105263158,0.13442105263157894
North Carolina-Charlotte,23.5,197.485,98.996454,13.25,2.0,1.125,0.5,-4.675000000000001,0.05374999999999995,0.13049999999999995,0.21675,0.37949999999999995,0.17175
North Carolina-Wilmington,27.0,210.82,106.59412,6.0,0.3,0.8,0.0,-15.1,0.143,0.267,0.265,0.3329999999999999,0.0
North Dakota,24.0,205.74,107.501304,2.0,1.0,0.5,0.0,40.4,0.0,0.143,0.2789999999999999,0.3329999999999999,0.0
North Texas,22.0,203.2,106.59412,21.0,1.0,1.2,0.1,2.6,0.174,0.177,0.132,0.54,0.04
Northeast Mississippi CC,22.0,203.2,100.243832,53.0,2.4,1.0,0.2,-8.6,0.051,0.146,0.208,0.505,0.064
Northeastern,23.0,182.88,79.3786,33.0,2.4,0.8,0.7,-5.7,0.0409999999999999,0.115,0.25,0.44,0.24
Northern Arizona,24.0,213.36,122.46984,6.0,3.0,2.8,0.2,-24.2,0.149,0.171,0.158,0.446,0.025
Northern Illinois,26.0,186.69,82.78054,14.5,3.85,1.2,1.4,-16.55,0.0245,0.0525,0.1745,0.40800000000000003,0.19599999999999995
Northwest Florida State,21.0,200.66,100.697424,29.0,2.2,1.7,0.5,-0.2,0.046,0.168,0.159,0.4,0.102
Northwestern,25.0,202.35333333333332,100.697424,12.666666666666666,1.3,1.2666666666666666,0.2333333333333333,-15.833333333333334,0.03933333333333333,0.13933333333333334,0.12766666666666668,0.428,0.029333333333333333
Northwestern Oklahoma,28.0,190.5,86.18248,4.0,3.8,1.3,0.3,8.9,0.03,0.111,0.174,0.497,0.043
Northwestern State,25.0,205.74,92.98636,2.0,1.0,0.5,0.0,22.4,0.0,0.1669999999999999,0.087,1.0,0.0
Notre Dame,24.8,200.152,101.3097732,35.25,4.1450000000000005,1.9899999999999998,0.74,-6.220000000000001,0.05414999999999999,0.12794999999999995,0.1728,0.4702,0.11395
Oakland,23.666666666666668,199.81333333333336,92.23037333333333,28.666666666666668,6.2,1.6666666666666667,1.2666666666666666,14.666666666666666,0.10066666666666667,0.09400000000000001,0.15166666666666667,0.3426666666666667,0.085
Ohio,22.5,201.93,115.66596,59.0,7.15,4.25,0.8,0.85,0.11749999999999995,0.17599999999999993,0.19,0.5159999999999999,0.077
Ohio State,23.88235294117647,202.30352941176469,103.4723397647059,38.76470588235294,5.835294117647059,2.8294117647058825,1.1352941176470588,-10.31764705882353,0.06217647058823528,0.13423529411764706,0.1998235294117647,0.4511764705882353,0.0864705882352941
Ohio U.,25.0,205.74,90.7184,32.0,3.1,2.0,0.3,-1.4,0.073,0.149,0.145,0.503,0.037
Oklahoma,26.666666666666668,198.12,99.22325000000001,48.666666666666664,8.058333333333334,3.1666666666666665,2.158333333333333,-2.0,0.04991666666666666,0.13024999999999998,0.18999999999999997,0.5114166666666666,0.15433333333333332
Oklahoma State,24.0,194.23529411764707,94.32045411764705,43.05882352941177,5.229411764705882,2.1411764705882352,1.1529411764705884,-1.2117647058823529,0.04535294117647059,0.11329411764705881,0.16447058823529412,0.4374705882352941,0.1096470588235294
Old Dominion,27.75,205.10500000000002,104.552956,56.0,6.725,3.2,0.4,-2.8499999999999996,0.072,0.14974999999999997,0.21724999999999997,0.5129999999999999,0.07374999999999998
Oral Roberts,29.5,194.31,88.45044,8.0,4.4,1.55,1.75,-0.1499999999999999,0.031999999999999945,0.08149999999999999,0.133,0.5469999999999999,0.16149999999999995
Oregon,23.384615384615383,194.40769230769232,90.2299163076923,40.92307692307692,5.3076923076923075,1.8153846153846156,1.5230769230769232,-10.876923076923077,0.031999999999999994,0.16915384615384615,0.19746153846153844,0.42715384615384616,0.15623076923076923
Oregon State,25.625,199.0725,92.589467,34.375,6.4875,2.65,1.8625,-0.2999999999999998,0.04162499999999999,0.166375,0.207,0.563375,0.13812499999999997
Pacific,25.5,201.93,107.501304,23.5,4.95,3.95,0.3,-32.9,0.0535,0.12,0.18949999999999995,0.35150000000000003,0.017
Penn State,26.8,200.152,104.32616,26.2,4.58,1.7399999999999998,0.78,-25.919999999999998,0.04079999999999996,0.098,0.2352,0.3912,0.11159999999999996
Pennsylvania,25.333333333333332,193.04,87.543256,56.333333333333336,4.3,1.1666666666666667,1.9333333333333333,-9.833333333333334,0.013666666666666667,0.08233333333333333,0.13666666666666666,0.634,0.19233333333333333
Pepperdine,23.833333333333332,196.85,92.53276799999999,37.166666666666664,4.75,1.7,1.3499999999999999,-11.450000000000001,0.02716666666666667,0.08816666666666667,0.18799999999999997,0.4045,0.14183333333333334
Pfeiffer,26.0,210.82,102.0582,6.0,2.5,1.7,0.2,1.4,0.074,0.2289999999999999,0.217,0.55,0.063
Pittsburgh,24.5,203.3814285714286,107.8252982857143,44.0,4.371428571428571,2.757142857142857,0.9571428571428572,-2.5142857142857147,0.07814285714285714,0.14457142857142855,0.16457142857142856,0.4764285714285714,0.11649999999999998
Portland,27.0,180.34,79.3786,62.0,4.1,1.1,2.6,-5.9,0.011,0.08,0.16,0.46,0.281
Portland State,26.0,195.58,97.52228,4.0,2.0,1.3,0.5,-17.6,0.043,0.154,0.245,0.372,0.154
Princeton,25.0,208.28,99.79024,12.0,1.6,1.8,0.5,-8.2,0.068,0.128,0.104,0.451,0.075
Providence,24.75,199.39,99.1382015,40.875,5.55625,3.0,1.20625,-4.5,0.0598125,0.13906249999999998,0.19199999999999998,0.4490625,0.13631249999999998
Purdue,24.0,201.56714285714287,104.09936400000001,28.714285714285715,4.321428571428571,2.042857142857143,0.5571428571428572,-6.457142857142856,0.059785714285714275,0.13014285714285712,0.18507142857142855,0.4697857142857143,0.0732142857142857
Radford University,26.0,193.04,92.98636,44.0,2.9,1.8,0.5,-0.1,0.044,0.135,0.133,0.5579999999999999,0.076
Rhode Island,22.8,192.024,89.0854688,30.8,7.68,2.54,2.24,7.1800000000000015,0.0206,0.087,0.21939999999999996,0.595,0.26419999999999993
Rice,27.0,195.072,101.151016,29.6,4.08,1.5,0.8,-2.6,0.0628,0.10819999999999999,0.1944,0.4779999999999999,0.11599999999999999
Richmond,27.5,204.47,96.3883,48.0,5.05,1.5999999999999999,0.75,-12.05,0.03899999999999995,0.10849999999999999,0.194,0.4315,0.0695
Rider,22.0,210.82,113.398,82.0,11.1,7.4,1.1,-6.9,0.118,0.188,0.191,0.54,0.066
Robert Morris (IL),24.0,195.58,95.25432,14.0,2.6,1.4,0.1,-1.4,0.129,0.162,0.25,0.495,0.021
Rutgers,23.5,201.93,92.98636,29.0,1.8499999999999999,0.65,0.2,-14.549999999999999,0.03049999999999995,0.08399999999999999,0.127,0.565,0.0355
S.E. Missouri,24.0,198.12,88.45044,17.0,1.4,0.8,0.1,-13.9,0.022,0.085,0.107,0.486,0.025
Saint Joseph's,22.4,194.564,93.43995199999999,43.0,5.74,2.42,1.7,-0.7,0.06039999999999999,0.1484,0.16519999999999999,0.48979999999999996,0.1498
Saint Louis,23.0,201.93,91.85238,44.5,6.9,3.45,0.9,-3.4000000000000004,0.1125,0.16599999999999998,0.213,0.5265,0.0945
Saint Mary's (CA),22.0,187.95999999999998,87.31646,41.0,3.6500000000000004,0.95,1.55,-11.4,0.028,0.063,0.2385,0.507,0.23349999999999999
Saint Rose,27.0,218.44,138.799152,4.0,0.5,0.5,0.3,-35.0,0.111,0.0,0.211,0.17,0.1
Saint Vincent,25.0,215.9,116.119552,54.0,3.1,1.9,0.2,0.4,0.068,0.132,0.156,0.528,0.03
San Diego State,24.714285714285715,203.20000000000002,99.40144685714286,27.142857142857142,2.5142857142857147,2.257142857142857,0.41428571428571426,-9.585714285714285,0.07399999999999994,0.15342857142857144,0.10285714285714286,0.4614285714285714,0.046
San Jose State,23.0,198.12,101.151016,59.0,6.4,2.0,0.9,-7.0,0.048,0.085,0.217,0.456,0.087
Santa Clara,23.0,189.23000000000002,86.409276,44.5,2.7,0.95,1.4500000000000002,-9.0,0.01999999999999995,0.08549999999999999,0.16,0.48250000000000004,0.236
Seton Hall,25.666666666666668,198.96666666666667,98.07667022222222,47.55555555555556,5.122222222222223,2.8555555555555556,1.2777777777777777,2.6666666666666665,0.07288888888888889,0.13322222222222224,0.18055555555555552,0.46544444444444444,0.1321111111111111
Seward County CC,22.0,198.12,102.0582,9.0,1.6,0.7,0.4,-3.5,0.087,0.045,0.135,0.47,0.125
Shaw,23.0,193.04,86.18248,14.0,1.9,0.3,0.4,-4.1,0.0,0.068,0.316,0.391,0.143
Siena,25.0,198.12,92.532768,4.0,3.5,2.5,0.3,-18.9,0.045,0.186,0.1889999999999999,0.362,0.036
South Carolina,22.857142857142858,201.3857142857143,94.34713599999999,38.857142857142854,3.7857142857142856,2.185714285714286,0.6571428571428571,-10.157142857142857,0.07499999999999997,0.13514285714285715,0.19,0.5358571428571428,0.07542857142857143
South Carolina State,29.0,200.66,113.398,39.0,3.5,2.4,0.5,-5.4,0.162,0.134,0.205,0.488,0.094
South Carolina Upstate,27.0,198.12,97.52228,39.0,4.2,3.3,0.6,-2.9,0.064,0.134,0.1159999999999999,0.535,0.054
South Dakota State,23.0,193.04,86.18248,58.0,7.2,2.6,3.2,-1.8,0.0279999999999999,0.102,0.1669999999999999,0.486,0.2269999999999999
South Florida,23.0,194.73333333333335,91.47438666666666,52.666666666666664,5.033333333333333,1.7333333333333332,1.6666666666666667,-7.8,0.052333333333333294,0.13333333333333333,0.19866666666666666,0.492,0.19599999999999995
Southeastern Illinois,21.0,200.66,97.52228,38.0,3.3,1.4,1.0,-6.1,0.046,0.093,0.162,0.473,0.141
Southeastern Oklahoma State,36.0,198.12,99.79024,55.0,5.7,16.1,3.1,16.1,0.186,0.3229999999999999,0.1,0.479,0.113
Southern,29.5,187.96,90.7184,72.5,11.55,2.75,5.1,-2.65,0.0245,0.0794999999999999,0.1915,0.5155000000000001,0.26549999999999996
Southern California,23.25,199.81333333333336,98.08927,47.75,6.633333333333333,2.658333333333333,1.7083333333333333,-2.033333333333333,0.04883333333333333,0.12816666666666665,0.19974999999999998,0.46658333333333335,0.1668333333333333
Southern Illinois,22.5,198.755,99.563444,24.25,3.05,1.0250000000000001,0.375,-1.5250000000000001,0.05575,0.11324999999999996,0.31625,0.5985,0.14525
Southern Methodist,23.0,199.39,97.14428666666667,39.0,2.9333333333333336,1.8,0.65,-20.333333333333332,0.04033333333333333,0.12616666666666665,0.12316666666666663,0.37316666666666665,0.078
Southern Mississippi,25.333333333333332,201.50666666666666,102.0582,31.0,5.666666666666667,3.866666666666667,0.5666666666666667,-2.6666666666666665,0.1696666666666666,0.11266666666666665,0.2313333333333333,0.5306666666666667,0.026
St. Bonaventure,24.0,194.31,93.55335,48.75,6.2,2.3,2.025,-4.2,0.03525,0.11125,0.17825,0.502,0.17675000000000002
St. John's (NY),25.470588235294116,200.66,97.86914447058822,41.05882352941177,6.352941176470588,3.0941176470588236,1.7352941176470589,-8.841176470588236,0.06305882352941175,0.13452941176470584,0.19205882352941178,0.45217647058823524,0.1266470588235294
St. Mary's (TX),31.0,203.2,99.79024,53.0,6.7,1.5,0.4,1.2,0.034,0.067,0.171,0.555,0.036
Stanford,22.941176470588236,204.54470588235296,104.21943247058823,51.1764705882353,5.247058823529412,3.164705882352941,1.2,-3.1588235294117646,0.07129411764705883,0.14641176470588235,0.14864705882352938,0.5312941176470588,0.09205882352941175
Stetson,27.0,205.74,104.32616,19.0,2.4,3.6,0.2,-10.9,0.121,0.181,0.087,0.66,0.022
"Stony Brook, N.Y.",24.0,203.2,117.93392,3.0,5.7,3.0,0.0,-7.4,0.138,0.2,0.2339999999999999,0.599,0.0
Syracuse,24.393939393939394,201.96848484848485,99.46035490909091,38.81818181818182,6.112121212121211,2.484848484848485,1.3060606060606061,-13.954545454545455,0.05027272727272726,0.11893939393939393,0.18887878787878787,0.47421212121212125,0.1102121212121212
Temple,25.615384615384617,200.07384615384615,96.96401292307692,41.07692307692308,4.815384615384615,2.3461538461538463,1.2,-0.330769230769231,0.061999999999999986,0.12399999999999999,0.16484615384615384,0.46584615384615385,0.1366153846153846
Tennessee,23.5,199.75285714285715,97.48988057142857,40.07142857142857,5.421428571428572,1.7857142857142858,0.9928571428571429,-0.9642857142857142,0.040499999999999994,0.09807142857142856,0.18492857142857141,0.4795714285714286,0.1157142857142857
Tennessee State,25.75,203.835,99.22325,34.25,8.075,4.625,1.6,21.975,0.05925,0.16899999999999998,0.1715,0.578,0.0655
Tennessee Tech,23.0,198.12,83.91452,17.0,0.9,0.2,0.1,-40.9,0.0,0.103,0.26,0.268,0.083
Tennessee-Chattanooga,28.5,201.93,100.92421999999999,46.0,6.9,1.6500000000000001,1.1500000000000001,-0.5,0.037,0.0955,0.20900000000000002,0.46699999999999997,0.07849999999999994
Tennessee-Martin,25.0,190.5,86.18248,25.0,2.3,0.7,0.5,2.5,0.064,0.096,0.24,0.494,0.155
Texas,22.52173913043478,199.8869565217391,100.22411060869565,41.869565217391305,5.617391304347826,2.869565217391304,1.0782608695652174,-2.4,0.07895652173913043,0.13317391304347823,0.17778260869565216,0.4879565217391304,0.09769565217391304
Texas A&M,22.9,199.898,97.7944352,31.7,3.9200000000000004,2.12,1.03,-5.58,0.03939999999999999,0.21459999999999999,0.1372,0.4631,0.1024
Texas Christian,25.0,204.47,107.954896,30.0,5.1,4.050000000000001,0.55,0.9,0.08499999999999999,0.193,0.1825,0.49,0.072
Texas State,23.0,210.82,107.954896,19.0,2.3,1.7,0.3,-6.3,0.15,0.247,0.1669999999999999,0.632,0.088
Texas Tech,22.90909090909091,199.04363636363635,96.82127418181818,28.90909090909091,4.7272727272727275,2.2454545454545456,0.9454545454545454,-11.218181818181817,0.048636363636363616,0.12054545454545451,0.17118181818181816,0.45545454545454545,0.09818181818181816
Texas-Arlington,23.0,205.74,104.32616,7.0,0.3,0.3,0.1,-13.3,0.0,0.1,0.22,0.091,0.1
Texas-El Paso,26.0,201.3857142857143,101.53980914285715,46.714285714285715,5.942857142857143,2.6142857142857143,1.7857142857142854,5.214285714285714,0.07742857142857143,0.14228571428571427,0.18114285714285713,0.5161428571428571,0.12885714285714284
Texas-San Antonio,24.0,195.58,106.59412,10.0,3.0,1.8,0.7,-8.4,0.083,0.111,0.212,0.389,0.135
Thomas More,26.0,205.74,106.59412,21.0,3.9,2.3,0.4,2.2,0.106,0.122,0.178,0.491,0.0579999999999999
Toledo,23.0,210.82,117.93392,9.0,0.2,0.3,0.0,-10.7,0.1669999999999999,0.0,0.286,0.125,0.0
Towson,26.0,193.04,95.25432,80.0,9.8,2.5,1.2,3.8,0.015,0.121,0.208,0.578,0.094
Trinity Valley CC,27.0,208.28,116.119552,81.0,18.7,10.0,1.9,8.9,0.122,0.23,0.262,0.583,0.098
Tulane,25.75,204.47,102.511792,39.25,5.025,3.9250000000000003,0.8,-4.35,0.07224999999999998,0.14524999999999996,0.18125,0.43975,0.06875
Tulsa,24.666666666666668,198.54333333333332,97.59787866666666,31.333333333333332,3.216666666666667,1.8333333333333333,0.9166666666666666,-3.2833333333333328,0.09983333333333332,0.11583333333333334,0.20166666666666666,0.4543333333333333,0.12616666666666662
UCLA,23.083333333333332,199.12541666666667,96.161504,46.125,5.210416666666666,2.2624999999999997,1.53125,-6.71875,0.061645833333333316,0.13079166666666667,0.17777083333333332,0.4887083333333333,0.13895833333333332
UNLV,22.0,201.93,95.707912,56.0,3.6500000000000004,2.8,0.7,-3.0,0.063,0.1385,0.132,0.49,0.0715
USC,22.6,196.596,98.2480272,33.0,5.4799999999999995,2.46,2.08,-5.82,0.06299999999999997,0.12359999999999997,0.1788,0.4638,0.1728
"U of California, Berkeley",21.0,208.28,99.79024,36.0,5.6,4.4,0.9,-8.4,0.102,0.216,0.1669999999999999,0.599,0.095
U of Colorado Boulder,25.0,198.12,99.79024,1.0,0.0,1.0,0.0,-75.0,0.0,0.25,0.0,0.0,0.0
U of Dayton,23.333333333333332,198.96666666666667,88.14804533333334,5.333333333333333,1.5,0.2333333333333333,0.03333333333333333,-11.6,0.0,0.05333333333333334,0.162,0.6373333333333333,0.012666666666666666
U of Nebraska-Lincoln,22.0,203.2,104.32616,3.0,0.0,0.7,0.0,-11.5,0.0,0.1669999999999999,0.071,0.0,0.0
U of Texas at Austin,21.0,213.36,100.243832,47.0,6.2,5.0,0.8,-14.9,0.074,0.213,0.174,0.539,0.086
Utah,24.2,206.248,101.9221224,53.8,7.75,3.6700000000000004,1.45,-5.1899999999999995,0.06679999999999998,0.14699999999999996,0.1921,0.48810000000000003,0.11779999999999999
Utah State,22.0,200.66,111.13004,10.0,3.2,2.4,0.3,7.8,0.077,0.247,0.183,0.5379999999999999,0.053
Utah Valley,23.0,187.96,86.18248,29.0,2.1,0.5,0.4,-8.0,0.036,0.075,0.2289999999999999,0.474,0.153
Valparaiso,23.5,198.12,95.25432,27.0,3.8,1.4,1.05,3.05,0.02,0.0965,0.161,0.484,0.133
Vanderbilt,23.545454545454547,204.12363636363636,103.62515418181819,41.90909090909091,5.372727272727273,3.2181818181818183,1.009090909090909,-9.172727272727274,0.06954545454545452,0.13854545454545455,0.16490909090909092,0.4719090909090909,0.086
Venezuela,25.0,198.12,95.25432,65.0,6.0,1.9,0.6,-9.2,0.047,0.083,0.185,0.502,0.065
Villanova,23.434782608695652,198.12,97.02924521739132,45.17391304347826,6.047826086956522,2.369565217391304,1.3608695652173914,-3.9608695652173918,0.048217391304347816,0.12865217391304345,0.16621739130434782,0.5233478260869565,0.12047826086956522
Virginia,24.058823529411764,195.7294117647059,95.707912,38.411764705882355,5.017647058823529,2.129411764705882,1.3058823529411765,-5.7705882352941185,0.03752941176470586,0.10211764705882354,0.1706470588235294,0.45488235294117646,0.13705882352941173
Virginia Commonwealth,22.6,196.08800000000002,91.171992,36.0,4.78,1.9600000000000002,1.56,-3.38,0.03279999999999998,0.11079999999999998,0.15899999999999997,0.5189999999999999,0.14379999999999998
Virginia Tech,26.5,195.2625,93.043059,41.25,5.4375,1.5625,1.5250000000000001,-6.4125,0.017,0.113125,0.19174999999999998,0.50025,0.15924999999999997
Virginia Union,28.666666666666668,206.58666666666667,111.13004000000001,62.666666666666664,5.433333333333334,6.0,1.0999999999999999,-0.43333333333333335,0.12266666666666666,0.19733333333333328,0.13833333333333334,0.472,0.056666666666666664
Wake Forest,23.928571428571427,195.39857142857142,94.44433428571428,58.92857142857143,7.3428571428571425,3.557142857142857,2.1357142857142857,-1.0857142857142859,0.049642857142857134,0.13928571428571426,0.18371428571428572,0.4922142857142857,0.16307142857142856
Walsh,24.0,208.28,117.93392,23.0,2.1,1.9,0.7,-12.6,0.087,0.145,0.158,0.411,0.138
Washington,23.272727272727273,196.85,95.9140901818182,45.22727272727273,5.827272727272727,2.231818181818182,1.5045454545454546,-2.422727272727273,0.04968181818181818,0.11409090909090908,0.184,0.47918181818181815,0.1515
Washington State,26.0,200.66,96.46389866666668,39.166666666666664,4.783333333333333,2.0833333333333335,1.0,-7.3500000000000005,0.05099999999999998,0.12299999999999998,0.161,0.47350000000000003,0.09333333333333332
Weber State,23.8,196.08800000000002,97.7944352,23.0,6.14,1.34,2.2800000000000002,-17.6,0.0262,0.13240000000000002,0.20259999999999997,0.47539999999999993,0.18380000000000002
West Florida,23.0,187.96,85.275296,8.0,1.5,1.5,2.9,-30.5,0.038,0.105,0.149,0.248,0.418
West Virginia,22.25,200.025,102.171598,37.5,3.8000000000000003,1.8499999999999999,0.725,-4.5,0.08575,0.11549999999999999,0.192,0.46275,0.0885
West Virginia Tech,35.0,187.96,83.91452,21.0,3.3,1.1,1.9,-3.5,0.017,0.063,0.122,0.451,0.185
Westchester CC NY,23.0,200.66,83.91452,12.0,1.2,0.3,0.1,-58.0,0.0,0.118,0.266,0.337,0.067
Western Carolina,23.5,193.04,83.91452,26.0,2.9,1.65,0.6,2.2,0.068,0.11349999999999999,0.14550000000000002,0.49249999999999994,0.0885
Western Kentucky,23.0,198.9666666666667,90.11361066666666,55.666666666666664,5.533333333333334,2.0,1.0999999999999999,-2.0000000000000004,0.05000000000000001,0.11366666666666665,0.153,0.5733333333333334,0.10666666666666667
Western Michigan,27.0,209.55,111.13004000000001,18.5,3.45,2.35,0.35,-0.9000000000000001,0.1295,0.221,0.217,0.562,0.0785
Wichita State,26.5,195.8975,95.367718,54.125,4.95,2.0625,1.2875,-0.4375000000000001,0.038125,0.11499999999999999,0.184375,0.47375,0.156
William Paterson,30.0,185.42,81.64656,15.0,2.8,0.6,0.6,-4.7,0.032,0.062,0.2689999999999999,0.414,0.214
Wingate,22.0,193.04,86.18248,82.0,5.1,3.0,3.4,-8.8,0.025,0.129,0.152,0.405,0.2339999999999999
Wisconsin,23.583333333333332,203.62333333333333,103.26777866666667,32.166666666666664,4.425,2.125,0.775,-4.741666666666667,0.04699999999999999,0.11708333333333333,0.1708333333333333,0.40808333333333335,0.06924999999999999
Wisconsin-Green Bay,25.0,200.66,102.0582,13.0,1.4,1.1,0.2,4.4,0.071,0.2269999999999999,0.1989999999999999,0.41,0.086
Wisconsin-Stevens Point,34.0,190.5,88.45044,82.0,6.9,2.1,3.6,2.1,0.024,0.109,0.19,0.544,0.316
Wright State,22.0,208.28,127.00576,80.0,5.8,2.7,0.5,-0.2,0.106,0.119,0.2339999999999999,0.486,0.064
Wyoming,25.0,204.7875,102.62519,31.875,3.9125,2.6,0.3625,-4.075,0.074125,0.171125,0.174875,0.50575,0.06374999999999999
Xavier,24.571428571428573,198.48285714285717,98.07307028571428,43.642857142857146,5.828571428571428,3.35,1.1857142857142857,-11.478571428571428,0.06871428571428571,0.17264285714285713,0.1769285714285714,0.5343571428571429,0.12214285714285714
Yale,27.0,203.2,101.151016,43.0,1.95,3.85,0.25,-34.1,0.067,0.2015,0.10350000000000001,0.2245,0.018
Yonsei (KOR),19.0,220.98,138.34556,19.0,1.4,0.9,0.1,-2.7,0.069,0.121,0.175,0.467,0.03
